id,name,age,gender
1,John0 AVON,30,male
2,Jane0 мужской,25,female
3,Mary0 свадьба,30,male
4,Mike0 женский,25,female
1,John1 свадьба,30,male
2,Jane1 свадьба,25,female
3,Mary1 свадьба,30,male
4,Mike1 свадьба,25,female
1,John2 свадьба,30,male
2,Jane2 женский,25,female
3,Mary2 мужской,30,male
4,Mike2 AVON,25,female
1,John3 женский,30,male
2,Jane3 свадьба,25,female
3,Mary3 свадьба,30,male
4,Mike3 свадьба,25,female
1,John4 мужской,30,male
2,Jane4 AVON,25,female
3,Mary4 женский,30,male
4,Mike4 мужской,25,female
1,John5 женский,30,male
2,Jane5 свадьба,25,female
3,Mary5 AVON,30,male
4,Mike5 AVON,25,female
1,John6 мужской,30,male
2,Jane6 женский,25,female
3,Mary6 AVON,30,male
4,Mike6 AVON,25,female
1,John7 женский,30,male
2,Jane7 свадьба,25,female
3,Mary7 AVON,30,male
4,Mike7 AVON,25,female
1,John8 женский,30,male
2,Jane8 женский,25,female
3,Mary8 женский,30,male
4,Mike8 женский,25,female
1,John9 мужской,30,male
2,Jane9 мужской,25,female
3,Mary9 женский,30,male
4,Mike9 AVON,25,female
1,John10 мужской,30,male
2,Jane10 женский,25,female
3,Mary10 женский,30,male
4,Mike10 мужской,25,female
1,John11 женский,30,male
2,Jane11 мужской,25,female
3,Mary11 женский,30,male
4,Mike11 женский,25,female
1,John12 мужской,30,male
2,Jane12 мужской,25,female
3,Mary12 AVON,30,male
4,Mike12 мужской,25,female
1,John13 AVON,30,male
2,Jane13 женский,25,female
3,Mary13 мужской,30,male
4,Mike13 AVON,25,female
1,John14 AVON,30,male
2,Jane14 мужской,25,female
3,Mary14 свадьба,30,male
4,Mike14 мужской,25,female
1,John15 AVON,30,male
2,Jane15 свадьба,25,female
3,Mary15 свадьба,30,male
4,Mike15 женский,25,female
1,John16 мужской,30,male
2,Jane16 свадьба,25,female
3,Mary16 свадьба,30,male
4,Mike16 AVON,25,female
1,John17 свадьба,30,male
2,Jane17 AVON,25,female
3,Mary17 мужской,30,male
4,Mike17 женский,25,female
1,John18 мужской,30,male
2,Jane18 женский,25,female
3,Mary18 мужской,30,male
4,Mike18 мужской,25,female
1,John19 женский,30,male
2,Jane19 AVON,25,female
3,Mary19 женский,30,male
4,Mike19 свадьба,25,female
1,John20 мужской,30,male
2,Jane20 AVON,25,female
3,Mary20 свадьба,30,male
4,Mike20 AVON,25,female
1,John21 свадьба,30,male
2,Jane21 свадьба,25,female
3,Mary21 женский,30,male
4,Mike21 женский,25,female
1,John22 AVON,30,male
2,Jane22 женский,25,female
3,Mary22 свадьба,30,male
4,Mike22 мужской,25,female
1,John23 AVON,30,male
2,Jane23 свадьба,25,female
3,Mary23 мужской,30,male
4,Mike23 мужской,25,female
1,John24 женский,30,male
2,Jane24 мужской,25,female
3,Mary24 женский,30,male
4,Mike24 свадьба,25,female
1,John25 мужской,30,male
2,Jane25 свадьба,25,female
3,Mary25 женский,30,male
4,Mike25 свадьба,25,female
1,John26 мужской,30,male
2,Jane26 женский,25,female
3,Mary26 свадьба,30,male
4,Mike26 мужской,25,female
1,John27 свадьба,30,male
2,Jane27 AVON,25,female
3,Mary27 женский,30,male
4,Mike27 свадьба,25,female
1,John28 мужской,30,male
2,Jane28 AVON,25,female
3,Mary28 AVON,30,male
4,Mike28 свадьба,25,female
1,John29 женский,30,male
2,Jane29 женский,25,female
3,Mary29 мужской,30,male
4,Mike29 женский,25,female
1,John30 свадьба,30,male
2,Jane30 свадьба,25,female
3,Mary30 свадьба,30,male
4,Mike30 женский,25,female
1,John31 мужской,30,male
2,Jane31 мужской,25,female
3,Mary31 мужской,30,male
4,Mike31 мужской,25,female
1,John32 AVON,30,male
2,Jane32 свадьба,25,female
3,Mary32 AVON,30,male
4,Mike32 AVON,25,female
1,John33 женский,30,male
2,Jane33 женский,25,female
3,Mary33 женский,30,male
4,Mike33 мужской,25,female
1,John34 свадьба,30,male
2,Jane34 AVON,25,female
3,Mary34 женский,30,male
4,Mike34 мужской,25,female
1,John35 женский,30,male
2,Jane35 AVON,25,female
3,Mary35 мужской,30,male
4,Mike35 AVON,25,female
1,John36 мужской,30,male
2,Jane36 женский,25,female
3,Mary36 мужской,30,male
4,Mike36 женский,25,female
1,John37 AVON,30,male
2,Jane37 мужской,25,female
3,Mary37 женский,30,male
4,Mike37 AVON,25,female
1,John38 мужской,30,male
2,Jane38 свадьба,25,female
3,Mary38 мужской,30,male
4,Mike38 мужской,25,female
1,John39 женский,30,male
2,Jane39 женский,25,female
3,Mary39 AVON,30,male
4,Mike39 AVON,25,female
1,John40 мужской,30,male
2,Jane40 AVON,25,female
3,Mary40 AVON,30,male
4,Mike40 мужской,25,female
1,John41 свадьба,30,male
2,Jane41 мужской,25,female
3,Mary41 AVON,30,male
4,Mike41 женский,25,female
1,John42 мужской,30,male
2,Jane42 мужской,25,female
3,Mary42 свадьба,30,male
4,Mike42 свадьба,25,female
1,John43 женский,30,male
2,Jane43 AVON,25,female
3,Mary43 свадьба,30,male
4,Mike43 свадьба,25,female
1,John44 AVON,30,male
2,Jane44 свадьба,25,female
3,Mary44 AVON,30,male
4,Mike44 свадьба,25,female
1,John45 AVON,30,male
2,Jane45 свадьба,25,female
3,Mary45 женский,30,male
4,Mike45 женский,25,female
1,John46 женский,30,male
2,Jane46 мужской,25,female
3,Mary46 AVON,30,male
4,Mike46 женский,25,female
1,John47 мужской,30,male
2,Jane47 женский,25,female
3,Mary47 свадьба,30,male
4,Mike47 женский,25,female
1,John48 AVON,30,male
2,Jane48 мужской,25,female
3,Mary48 AVON,30,male
4,Mike48 женский,25,female
1,John49 свадьба,30,male
2,Jane49 AVON,25,female
3,Mary49 AVON,30,male
4,Mike49 мужской,25,female
1,John50 женский,30,male
2,Jane50 AVON,25,female
3,Mary50 женский,30,male
4,Mike50 мужской,25,female
1,John51 свадьба,30,male
2,Jane51 мужской,25,female
3,Mary51 мужской,30,male
4,Mike51 мужской,25,female
1,John52 AVON,30,male
2,Jane52 свадьба,25,female
3,Mary52 мужской,30,male
4,Mike52 свадьба,25,female
1,John53 мужской,30,male
2,Jane53 мужской,25,female
3,Mary53 мужской,30,male
4,Mike53 мужской,25,female
1,John54 свадьба,30,male
2,Jane54 свадьба,25,female
3,Mary54 мужской,30,male
4,Mike54 мужской,25,female
1,John55 AVON,30,male
2,Jane55 мужской,25,female
3,Mary55 свадьба,30,male
4,Mike55 свадьба,25,female
1,John56 мужской,30,male
2,Jane56 свадьба,25,female
3,Mary56 женский,30,male
4,Mike56 женский,25,female
1,John57 мужской,30,male
2,Jane57 свадьба,25,female
3,Mary57 свадьба,30,male
4,Mike57 AVON,25,female
1,John58 AVON,30,male
2,Jane58 мужской,25,female
3,Mary58 женский,30,male
4,Mike58 AVON,25,female
1,John59 AVON,30,male
2,Jane59 мужской,25,female
3,Mary59 мужской,30,male
4,Mike59 AVON,25,female
1,John60 AVON,30,male
2,Jane60 свадьба,25,female
3,Mary60 свадьба,30,male
4,Mike60 AVON,25,female
1,John61 женский,30,male
2,Jane61 свадьба,25,female
3,Mary61 свадьба,30,male
4,Mike61 свадьба,25,female
1,John62 женский,30,male
2,Jane62 свадьба,25,female
3,Mary62 свадьба,30,male
4,Mike62 мужской,25,female
1,John63 мужской,30,male
2,Jane63 мужской,25,female
3,Mary63 свадьба,30,male
4,Mike63 AVON,25,female
1,John64 AVON,30,male
2,Jane64 свадьба,25,female
3,Mary64 мужской,30,male
4,Mike64 AVON,25,female
1,John65 мужской,30,male
2,Jane65 свадьба,25,female
3,Mary65 AVON,30,male
4,Mike65 женский,25,female
1,John66 AVON,30,male
2,Jane66 AVON,25,female
3,Mary66 женский,30,male
4,Mike66 свадьба,25,female
1,John67 женский,30,male
2,Jane67 женский,25,female
3,Mary67 мужской,30,male
4,Mike67 свадьба,25,female
1,John68 мужской,30,male
2,Jane68 свадьба,25,female
3,Mary68 свадьба,30,male
4,Mike68 AVON,25,female
1,John69 AVON,30,male
2,Jane69 свадьба,25,female
3,Mary69 AVON,30,male
4,Mike69 женский,25,female
1,John70 свадьба,30,male
2,Jane70 свадьба,25,female
3,Mary70 AVON,30,male
4,Mike70 мужской,25,female
1,John71 свадьба,30,male
2,Jane71 AVON,25,female
3,Mary71 мужской,30,male
4,Mike71 мужской,25,female
1,John72 AVON,30,male
2,Jane72 мужской,25,female
3,Mary72 свадьба,30,male
4,Mike72 свадьба,25,female
1,John73 мужской,30,male
2,Jane73 женский,25,female
3,Mary73 свадьба,30,male
4,Mike73 мужской,25,female
1,John74 свадьба,30,male
2,Jane74 свадьба,25,female
3,Mary74 женский,30,male
4,Mike74 свадьба,25,female
1,John75 мужской,30,male
2,Jane75 женский,25,female
3,Mary75 AVON,30,male
4,Mike75 мужской,25,female
1,John76 женский,30,male
2,Jane76 мужской,25,female
3,Mary76 женский,30,male
4,Mike76 свадьба,25,female
1,John77 свадьба,30,male
2,Jane77 женский,25,female
3,Mary77 женский,30,male
4,Mike77 мужской,25,female
1,John78 свадьба,30,male
2,Jane78 мужской,25,female
3,Mary78 женский,30,male
4,Mike78 мужской,25,female
1,John79 мужской,30,male
2,Jane79 мужской,25,female
3,Mary79 свадьба,30,male
4,Mike79 AVON,25,female
1,John80 AVON,30,male
2,Jane80 женский,25,female
3,Mary80 свадьба,30,male
4,Mike80 AVON,25,female
1,John81 AVON,30,male
2,Jane81 женский,25,female
3,Mary81 мужской,30,male
4,Mike81 свадьба,25,female
1,John82 мужской,30,male
2,Jane82 AVON,25,female
3,Mary82 мужской,30,male
4,Mike82 свадьба,25,female
1,John83 AVON,30,male
2,Jane83 мужской,25,female
3,Mary83 мужской,30,male
4,Mike83 AVON,25,female
1,John84 AVON,30,male
2,Jane84 женский,25,female
3,Mary84 мужской,30,male
4,Mike84 мужской,25,female
1,John85 женский,30,male
2,Jane85 свадьба,25,female
3,Mary85 мужской,30,male
4,Mike85 AVON,25,female
1,John86 AVON,30,male
2,Jane86 мужской,25,female
3,Mary86 мужской,30,male
4,Mike86 AVON,25,female
1,John87 мужской,30,male
2,Jane87 свадьба,25,female
3,Mary87 свадьба,30,male
4,Mike87 женский,25,female
1,John88 женский,30,male
2,Jane88 женский,25,female
3,Mary88 AVON,30,male
4,Mike88 женский,25,female
1,John89 AVON,30,male
2,Jane89 свадьба,25,female
3,Mary89 женский,30,male
4,Mike89 мужской,25,female
1,John90 женский,30,male
2,Jane90 свадьба,25,female
3,Mary90 мужской,30,male
4,Mike90 AVON,25,female
1,John91 AVON,30,male
2,Jane91 мужской,25,female
3,Mary91 свадьба,30,male
4,Mike91 женский,25,female
1,John92 мужской,30,male
2,Jane92 свадьба,25,female
3,Mary92 мужской,30,male
4,Mike92 мужской,25,female
1,John93 женский,30,male
2,Jane93 свадьба,25,female
3,Mary93 женский,30,male
4,Mike93 AVON,25,female
1,John94 мужской,30,male
2,Jane94 AVON,25,female
3,Mary94 мужской,30,male
4,Mike94 женский,25,female
1,John95 AVON,30,male
2,Jane95 AVON,25,female
3,Mary95 мужской,30,male
4,Mike95 мужской,25,female
1,John96 свадьба,30,male
2,Jane96 мужской,25,female
3,Mary96 мужской,30,male
4,Mike96 женский,25,female
1,John97 женский,30,male
2,Jane97 мужской,25,female
3,Mary97 AVON,30,male
4,Mike97 женский,25,female
1,John98 женский,30,male
2,Jane98 мужской,25,female
3,Mary98 женский,30,male
4,Mike98 мужской,25,female
1,John99 мужской,30,male
2,Jane99 AVON,25,female
3,Mary99 мужской,30,male
4,Mike99 женский,25,female
1,John100 свадьба,30,male
2,Jane100 AVON,25,female
3,Mary100 свадьба,30,male
4,Mike100 женский,25,female
1,John101 AVON,30,male
2,Jane101 женский,25,female
3,Mary101 свадьба,30,male
4,Mike101 AVON,25,female
1,John102 женский,30,male
2,Jane102 AVON,25,female
3,Mary102 мужской,30,male
4,Mike102 свадьба,25,female
1,John103 мужской,30,male
2,Jane103 свадьба,25,female
3,Mary103 AVON,30,male
4,Mike103 свадьба,25,female
1,John104 свадьба,30,male
2,Jane104 свадьба,25,female
3,Mary104 мужской,30,male
4,Mike104 мужской,25,female
1,John105 мужской,30,male
2,Jane105 AVON,25,female
3,Mary105 свадьба,30,male
4,Mike105 свадьба,25,female
1,John106 женский,30,male
2,Jane106 женский,25,female
3,Mary106 женский,30,male
4,Mike106 свадьба,25,female
1,John107 AVON,30,male
2,Jane107 женский,25,female
3,Mary107 свадьба,30,male
4,Mike107 AVON,25,female
1,John108 мужской,30,male
2,Jane108 свадьба,25,female
3,Mary108 свадьба,30,male
4,Mike108 AVON,25,female
1,John109 женский,30,male
2,Jane109 женский,25,female
3,Mary109 свадьба,30,male
4,Mike109 женский,25,female
1,John110 женский,30,male
2,Jane110 AVON,25,female
3,Mary110 свадьба,30,male
4,Mike110 AVON,25,female
1,John111 женский,30,male
2,Jane111 мужской,25,female
3,Mary111 мужской,30,male
4,Mike111 мужской,25,female
1,John112 женский,30,male
2,Jane112 мужской,25,female
3,Mary112 женский,30,male
4,Mike112 AVON,25,female
1,John113 свадьба,30,male
2,Jane113 женский,25,female
3,Mary113 свадьба,30,male
4,Mike113 свадьба,25,female
1,John114 женский,30,male
2,Jane114 мужской,25,female
3,Mary114 мужской,30,male
4,Mike114 мужской,25,female
1,John115 свадьба,30,male
2,Jane115 женский,25,female
3,Mary115 AVON,30,male
4,Mike115 мужской,25,female
1,John116 свадьба,30,male
2,Jane116 женский,25,female
3,Mary116 женский,30,male
4,Mike116 свадьба,25,female
1,John117 свадьба,30,male
2,Jane117 женский,25,female
3,Mary117 свадьба,30,male
4,Mike117 мужской,25,female
1,John118 AVON,30,male
2,Jane118 женский,25,female
3,Mary118 свадьба,30,male
4,Mike118 свадьба,25,female
1,John119 женский,30,male
2,Jane119 мужской,25,female
3,Mary119 женский,30,male
4,Mike119 женский,25,female
1,John120 мужской,30,male
2,Jane120 AVON,25,female
3,Mary120 женский,30,male
4,Mike120 мужской,25,female
1,John121 AVON,30,male
2,Jane121 AVON,25,female
3,Mary121 свадьба,30,male
4,Mike121 женский,25,female
1,John122 женский,30,male
2,Jane122 мужской,25,female
3,Mary122 свадьба,30,male
4,Mike122 женский,25,female
1,John123 мужской,30,male
2,Jane123 женский,25,female
3,Mary123 мужской,30,male
4,Mike123 мужской,25,female
1,John124 женский,30,male
2,Jane124 мужской,25,female
3,Mary124 свадьба,30,male
4,Mike124 мужской,25,female
1,John125 мужской,30,male
2,Jane125 мужской,25,female
3,Mary125 женский,30,male
4,Mike125 свадьба,25,female
1,John126 AVON,30,male
2,Jane126 женский,25,female
3,Mary126 AVON,30,male
4,Mike126 AVON,25,female
1,John127 AVON,30,male
2,Jane127 AVON,25,female
3,Mary127 AVON,30,male
4,Mike127 AVON,25,female
1,John128 женский,30,male
2,Jane128 свадьба,25,female
3,Mary128 мужской,30,male
4,Mike128 AVON,25,female
1,John129 женский,30,male
2,Jane129 свадьба,25,female
3,Mary129 AVON,30,male
4,Mike129 свадьба,25,female
1,John130 мужской,30,male
2,Jane130 мужской,25,female
3,Mary130 свадьба,30,male
4,Mike130 AVON,25,female
1,John131 свадьба,30,male
2,Jane131 AVON,25,female
3,Mary131 женский,30,male
4,Mike131 свадьба,25,female
1,John132 женский,30,male
2,Jane132 свадьба,25,female
3,Mary132 AVON,30,male
4,Mike132 AVON,25,female
1,John133 женский,30,male
2,Jane133 мужской,25,female
3,Mary133 AVON,30,male
4,Mike133 женский,25,female
1,John134 мужской,30,male
2,Jane134 свадьба,25,female
3,Mary134 свадьба,30,male
4,Mike134 женский,25,female
1,John135 свадьба,30,male
2,Jane135 свадьба,25,female
3,Mary135 свадьба,30,male
4,Mike135 свадьба,25,female
1,John136 AVON,30,male
2,Jane136 мужской,25,female
3,Mary136 женский,30,male
4,Mike136 женский,25,female
1,John137 женский,30,male
2,Jane137 мужской,25,female
3,Mary137 мужской,30,male
4,Mike137 женский,25,female
1,John138 AVON,30,male
2,Jane138 AVON,25,female
3,Mary138 мужской,30,male
4,Mike138 женский,25,female
1,John139 AVON,30,male
2,Jane139 свадьба,25,female
3,Mary139 AVON,30,male
4,Mike139 свадьба,25,female
1,John140 AVON,30,male
2,Jane140 женский,25,female
3,Mary140 свадьба,30,male
4,Mike140 свадьба,25,female
1,John141 свадьба,30,male
2,Jane141 женский,25,female
3,Mary141 свадьба,30,male
4,Mike141 мужской,25,female
1,John142 мужской,30,male
2,Jane142 AVON,25,female
3,Mary142 мужской,30,male
4,Mike142 мужской,25,female
1,John143 AVON,30,male
2,Jane143 AVON,25,female
3,Mary143 мужской,30,male
4,Mike143 свадьба,25,female
1,John144 женский,30,male
2,Jane144 мужской,25,female
3,Mary144 свадьба,30,male
4,Mike144 AVON,25,female
1,John145 AVON,30,male
2,Jane145 AVON,25,female
3,Mary145 женский,30,male
4,Mike145 женский,25,female
1,John146 AVON,30,male
2,Jane146 мужской,25,female
3,Mary146 женский,30,male
4,Mike146 AVON,25,female
1,John147 свадьба,30,male
2,Jane147 мужской,25,female
3,Mary147 AVON,30,male
4,Mike147 свадьба,25,female
1,John148 женский,30,male
2,Jane148 женский,25,female
3,Mary148 женский,30,male
4,Mike148 мужской,25,female
1,John149 женский,30,male
2,Jane149 свадьба,25,female
3,Mary149 женский,30,male
4,Mike149 мужской,25,female
1,John150 AVON,30,male
2,Jane150 женский,25,female
3,Mary150 женский,30,male
4,Mike150 мужской,25,female
1,John151 AVON,30,male
2,Jane151 мужской,25,female
3,Mary151 женский,30,male
4,Mike151 свадьба,25,female
1,John152 мужской,30,male
2,Jane152 свадьба,25,female
3,Mary152 женский,30,male
4,Mike152 свадьба,25,female
1,John153 мужской,30,male
2,Jane153 AVON,25,female
3,Mary153 женский,30,male
4,Mike153 женский,25,female
1,John154 мужской,30,male
2,Jane154 свадьба,25,female
3,Mary154 женский,30,male
4,Mike154 мужской,25,female
1,John155 свадьба,30,male
2,Jane155 AVON,25,female
3,Mary155 свадьба,30,male
4,Mike155 свадьба,25,female
1,John156 свадьба,30,male
2,Jane156 женский,25,female
3,Mary156 AVON,30,male
4,Mike156 AVON,25,female
1,John157 женский,30,male
2,Jane157 AVON,25,female
3,Mary157 мужской,30,male
4,Mike157 женский,25,female
1,John158 женский,30,male
2,Jane158 мужской,25,female
3,Mary158 мужской,30,male
4,Mike158 AVON,25,female
1,John159 свадьба,30,male
2,Jane159 женский,25,female
3,Mary159 свадьба,30,male
4,Mike159 мужской,25,female
1,John160 мужской,30,male
2,Jane160 AVON,25,female
3,Mary160 свадьба,30,male
4,Mike160 женский,25,female
1,John161 женский,30,male
2,Jane161 AVON,25,female
3,Mary161 AVON,30,male
4,Mike161 женский,25,female
1,John162 AVON,30,male
2,Jane162 мужской,25,female
3,Mary162 AVON,30,male
4,Mike162 женский,25,female
1,John163 мужской,30,male
2,Jane163 мужской,25,female
3,Mary163 мужской,30,male
4,Mike163 AVON,25,female
1,John164 женский,30,male
2,Jane164 мужской,25,female
3,Mary164 AVON,30,male
4,Mike164 женский,25,female
1,John165 свадьба,30,male
2,Jane165 мужской,25,female
3,Mary165 мужской,30,male
4,Mike165 мужской,25,female
1,John166 мужской,30,male
2,Jane166 женский,25,female
3,Mary166 свадьба,30,male
4,Mike166 женский,25,female
1,John167 AVON,30,male
2,Jane167 AVON,25,female
3,Mary167 свадьба,30,male
4,Mike167 AVON,25,female
1,John168 свадьба,30,male
2,Jane168 мужской,25,female
3,Mary168 свадьба,30,male
4,Mike168 женский,25,female
1,John169 свадьба,30,male
2,Jane169 AVON,25,female
3,Mary169 мужской,30,male
4,Mike169 женский,25,female
1,John170 мужской,30,male
2,Jane170 женский,25,female
3,Mary170 AVON,30,male
4,Mike170 AVON,25,female
1,John171 мужской,30,male
2,Jane171 мужской,25,female
3,Mary171 свадьба,30,male
4,Mike171 свадьба,25,female
1,John172 AVON,30,male
2,Jane172 женский,25,female
3,Mary172 свадьба,30,male
4,Mike172 AVON,25,female
1,John173 мужской,30,male
2,Jane173 AVON,25,female
3,Mary173 AVON,30,male
4,Mike173 свадьба,25,female
1,John174 AVON,30,male
2,Jane174 мужской,25,female
3,Mary174 женский,30,male
4,Mike174 женский,25,female
1,John175 AVON,30,male
2,Jane175 AVON,25,female
3,Mary175 женский,30,male
4,Mike175 свадьба,25,female
1,John176 мужской,30,male
2,Jane176 AVON,25,female
3,Mary176 мужской,30,male
4,Mike176 женский,25,female
1,John177 AVON,30,male
2,Jane177 мужской,25,female
3,Mary177 свадьба,30,male
4,Mike177 AVON,25,female
1,John178 AVON,30,male
2,Jane178 мужской,25,female
3,Mary178 свадьба,30,male
4,Mike178 мужской,25,female
1,John179 женский,30,male
2,Jane179 женский,25,female
3,Mary179 женский,30,male
4,Mike179 свадьба,25,female
1,John180 AVON,30,male
2,Jane180 мужской,25,female
3,Mary180 мужской,30,male
4,Mike180 женский,25,female
1,John181 женский,30,male
2,Jane181 мужской,25,female
3,Mary181 AVON,30,male
4,Mike181 свадьба,25,female
1,John182 мужской,30,male
2,Jane182 женский,25,female
3,Mary182 женский,30,male
4,Mike182 мужской,25,female
1,John183 женский,30,male
2,Jane183 AVON,25,female
3,Mary183 мужской,30,male
4,Mike183 мужской,25,female
1,John184 женский,30,male
2,Jane184 мужской,25,female
3,Mary184 свадьба,30,male
4,Mike184 женский,25,female
1,John185 женский,30,male
2,Jane185 мужской,25,female
3,Mary185 мужской,30,male
4,Mike185 AVON,25,female
1,John186 AVON,30,male
2,Jane186 женский,25,female
3,Mary186 свадьба,30,male
4,Mike186 AVON,25,female
1,John187 женский,30,male
2,Jane187 свадьба,25,female
3,Mary187 AVON,30,male
4,Mike187 AVON,25,female
1,John188 AVON,30,male
2,Jane188 AVON,25,female
3,Mary188 свадьба,30,male
4,Mike188 женский,25,female
1,John189 женский,30,male
2,Jane189 женский,25,female
3,Mary189 свадьба,30,male
4,Mike189 мужской,25,female
1,John190 свадьба,30,male
2,Jane190 AVON,25,female
3,Mary190 AVON,30,male
4,Mike190 женский,25,female
1,John191 AVON,30,male
2,Jane191 мужской,25,female
3,Mary191 AVON,30,male
4,Mike191 мужской,25,female
1,John192 женский,30,male
2,Jane192 свадьба,25,female
3,Mary192 свадьба,30,male
4,Mike192 женский,25,female
1,John193 AVON,30,male
2,Jane193 свадьба,25,female
3,Mary193 AVON,30,male
4,Mike193 AVON,25,female
1,John194 женский,30,male
2,Jane194 AVON,25,female
3,Mary194 мужской,30,male
4,Mike194 мужской,25,female
1,John195 AVON,30,male
2,Jane195 свадьба,25,female
3,Mary195 мужской,30,male
4,Mike195 мужской,25,female
1,John196 AVON,30,male
2,Jane196 мужской,25,female
3,Mary196 женский,30,male
4,Mike196 мужской,25,female
1,John197 мужской,30,male
2,Jane197 свадьба,25,female
3,Mary197 мужской,30,male
4,Mike197 свадьба,25,female
1,John198 AVON,30,male
2,Jane198 свадьба,25,female
3,Mary198 мужской,30,male
4,Mike198 свадьба,25,female
1,John199 свадьба,30,male
2,Jane199 мужской,25,female
3,Mary199 AVON,30,male
4,Mike199 свадьба,25,female
1,John200 мужской,30,male
2,Jane200 мужской,25,female
3,Mary200 свадьба,30,male
4,Mike200 свадьба,25,female
1,John201 женский,30,male
2,Jane201 AVON,25,female
3,Mary201 AVON,30,male
4,Mike201 мужской,25,female
1,John202 свадьба,30,male
2,Jane202 AVON,25,female
3,Mary202 AVON,30,male
4,Mike202 мужской,25,female
1,John203 свадьба,30,male
2,Jane203 женский,25,female
3,Mary203 свадьба,30,male
4,Mike203 женский,25,female
1,John204 женский,30,male
2,Jane204 AVON,25,female
3,Mary204 женский,30,male
4,Mike204 свадьба,25,female
1,John205 женский,30,male
2,Jane205 женский,25,female
3,Mary205 женский,30,male
4,Mike205 свадьба,25,female
1,John206 женский,30,male
2,Jane206 женский,25,female
3,Mary206 мужской,30,male
4,Mike206 мужской,25,female
1,John207 женский,30,male
2,Jane207 женский,25,female
3,Mary207 женский,30,male
4,Mike207 женский,25,female
1,John208 свадьба,30,male
2,Jane208 AVON,25,female
3,Mary208 женский,30,male
4,Mike208 свадьба,25,female
1,John209 женский,30,male
2,Jane209 женский,25,female
3,Mary209 женский,30,male
4,Mike209 свадьба,25,female
1,John210 мужской,30,male
2,Jane210 мужской,25,female
3,Mary210 женский,30,male
4,Mike210 мужской,25,female
1,John211 свадьба,30,male
2,Jane211 женский,25,female
3,Mary211 свадьба,30,male
4,Mike211 AVON,25,female
1,John212 женский,30,male
2,Jane212 мужской,25,female
3,Mary212 женский,30,male
4,Mike212 мужской,25,female
1,John213 женский,30,male
2,Jane213 женский,25,female
3,Mary213 мужской,30,male
4,Mike213 мужской,25,female
1,John214 мужской,30,male
2,Jane214 AVON,25,female
3,Mary214 AVON,30,male
4,Mike214 женский,25,female
1,John215 свадьба,30,male
2,Jane215 женский,25,female
3,Mary215 AVON,30,male
4,Mike215 свадьба,25,female
1,John216 AVON,30,male
2,Jane216 женский,25,female
3,Mary216 свадьба,30,male
4,Mike216 мужской,25,female
1,John217 мужской,30,male
2,Jane217 женский,25,female
3,Mary217 свадьба,30,male
4,Mike217 AVON,25,female
1,John218 свадьба,30,male
2,Jane218 женский,25,female
3,Mary218 AVON,30,male
4,Mike218 свадьба,25,female
1,John219 AVON,30,male
2,Jane219 AVON,25,female
3,Mary219 женский,30,male
4,Mike219 свадьба,25,female
1,John220 свадьба,30,male
2,Jane220 AVON,25,female
3,Mary220 AVON,30,male
4,Mike220 мужской,25,female
1,John221 женский,30,male
2,Jane221 свадьба,25,female
3,Mary221 мужской,30,male
4,Mike221 AVON,25,female
1,John222 женский,30,male
2,Jane222 мужской,25,female
3,Mary222 женский,30,male
4,Mike222 мужской,25,female
1,John223 AVON,30,male
2,Jane223 свадьба,25,female
3,Mary223 AVON,30,male
4,Mike223 свадьба,25,female
1,John224 женский,30,male
2,Jane224 AVON,25,female
3,Mary224 женский,30,male
4,Mike224 женский,25,female
1,John225 мужской,30,male
2,Jane225 женский,25,female
3,Mary225 AVON,30,male
4,Mike225 AVON,25,female
1,John226 AVON,30,male
2,Jane226 свадьба,25,female
3,Mary226 AVON,30,male
4,Mike226 свадьба,25,female
1,John227 свадьба,30,male
2,Jane227 мужской,25,female
3,Mary227 свадьба,30,male
4,Mike227 свадьба,25,female
1,John228 AVON,30,male
2,Jane228 мужской,25,female
3,Mary228 свадьба,30,male
4,Mike228 женский,25,female
1,John229 свадьба,30,male
2,Jane229 мужской,25,female
3,Mary229 AVON,30,male
4,Mike229 женский,25,female
1,John230 свадьба,30,male
2,Jane230 мужской,25,female
3,Mary230 женский,30,male
4,Mike230 AVON,25,female
1,John231 свадьба,30,male
2,Jane231 мужской,25,female
3,Mary231 женский,30,male
4,Mike231 свадьба,25,female
1,John232 мужской,30,male
2,Jane232 AVON,25,female
3,Mary232 женский,30,male
4,Mike232 мужской,25,female
1,John233 AVON,30,male
2,Jane233 свадьба,25,female
3,Mary233 женский,30,male
4,Mike233 свадьба,25,female
1,John234 AVON,30,male
2,Jane234 мужской,25,female
3,Mary234 мужской,30,male
4,Mike234 свадьба,25,female
1,John235 AVON,30,male
2,Jane235 мужской,25,female
3,Mary235 свадьба,30,male
4,Mike235 свадьба,25,female
1,John236 AVON,30,male
2,Jane236 свадьба,25,female
3,Mary236 AVON,30,male
4,Mike236 AVON,25,female
1,John237 мужской,30,male
2,Jane237 свадьба,25,female
3,Mary237 AVON,30,male
4,Mike237 свадьба,25,female
1,John238 свадьба,30,male
2,Jane238 свадьба,25,female
3,Mary238 женский,30,male
4,Mike238 женский,25,female
1,John239 мужской,30,male
2,Jane239 свадьба,25,female
3,Mary239 свадьба,30,male
4,Mike239 свадьба,25,female
1,John240 AVON,30,male
2,Jane240 свадьба,25,female
3,Mary240 свадьба,30,male
4,Mike240 свадьба,25,female
1,John241 свадьба,30,male
2,Jane241 женский,25,female
3,Mary241 AVON,30,male
4,Mike241 женский,25,female
1,John242 женский,30,male
2,Jane242 женский,25,female
3,Mary242 женский,30,male
4,Mike242 женский,25,female
1,John243 свадьба,30,male
2,Jane243 AVON,25,female
3,Mary243 свадьба,30,male
4,Mike243 свадьба,25,female
1,John244 женский,30,male
2,Jane244 мужской,25,female
3,Mary244 женский,30,male
4,Mike244 AVON,25,female
1,John245 мужской,30,male
2,Jane245 мужской,25,female
3,Mary245 AVON,30,male
4,Mike245 AVON,25,female
1,John246 женский,30,male
2,Jane246 женский,25,female
3,Mary246 мужской,30,male
4,Mike246 мужской,25,female
1,John247 AVON,30,male
2,Jane247 AVON,25,female
3,Mary247 AVON,30,male
4,Mike247 женский,25,female
1,John248 мужской,30,male
2,Jane248 мужской,25,female
3,Mary248 AVON,30,male
4,Mike248 мужской,25,female
1,John249 мужской,30,male
2,Jane249 AVON,25,female
3,Mary249 свадьба,30,male
4,Mike249 свадьба,25,female
1,John250 свадьба,30,male
2,Jane250 мужской,25,female
3,Mary250 свадьба,30,male
4,Mike250 AVON,25,female
1,John251 AVON,30,male
2,Jane251 свадьба,25,female
3,Mary251 мужской,30,male
4,Mike251 мужской,25,female
1,John252 женский,30,male
2,Jane252 мужской,25,female
3,Mary252 мужской,30,male
4,Mike252 женский,25,female
1,John253 женский,30,male
2,Jane253 свадьба,25,female
3,Mary253 мужской,30,male
4,Mike253 мужской,25,female
1,John254 AVON,30,male
2,Jane254 женский,25,female
3,Mary254 свадьба,30,male
4,Mike254 свадьба,25,female
1,John255 женский,30,male
2,Jane255 женский,25,female
3,Mary255 AVON,30,male
4,Mike255 мужской,25,female
